﻿Designator,Footprint,Quantity,Value,LCSC Part #
"C1, C10, C100, C102, C104, C105, C12, C15, C16, C20, C21, C22, C23, C24, C25, C26, C27, C30, C31, C33, C36, C37, C39, C4, C40, C41, C42, C43, C44, C45, C46, C5, C50, C54, C56, C57, C59, C60, C63, C64, C67, C68, C71, C72, C74, C77, C8, C81, C83, C88, C91, C92, C95, C96, C97, C98",1206,56,100n,
"C103, C106, C18, C19, C28, C29, C38, C47, C48, C49, C51, C53, C58, C61, C62, C65, C66, C69, C70, C73, C75, C76, C78, C79, C80, C82, C84, C85, C86, C87, C90, C93, C94, C99",1206,34,10u,
"C11, C6, C7, C9",CP_Radial_D6.3mm_P2.50mm,4,100u,
C13,1206,1,1n,
"C14, C17",CP_Radial_D6.3mm_P2.50mm,2,33u,
"C2, C3",1206,2,4.7n,
C32,1206,1,100p,
C52,1206,1,150p,
C89,1206,1,470p,
D1,2010,1,SS15,
D2,SOT-363_SC-70-6_Handsoldering,1,BAV199DW,
D3,D_SMA,1,SMAJ15A,
"D4, D5, D6",D_SMA,3,SMAJ12CA,
J5,PinHeader_1x04_P1.27mm_Vertical,1,Conn_01x04_Pin,
"L4, L5",1008,2,4.7u,
L6,1008,1,10u,
"R1, R10, R11, R12, R13, R16, R17, R19, R2, R23, R24, R25, R26, R27, R3, R5, R8, R9",0805,18,10k,
R14,0805,1,220k 0.1%,
R18,1210,1,120R,
"R20, R21, R22, R28",1210,4,100k,
R4,0805,1,13R,
R6,0805,1,1M 0.1%,
R7,0805,1,30k 0.1%,
SW1,SW_DIP_SPSTx04_Slide_9.78x12.34mm_W7.62mm_P2.54mm,1,SW_DIP_x04,
"TP0V24V1, TP24V1, TP3V3, TP5V1, TPGND1",TestPoint_Loop_D1.80mm_Drill1.0mm_Beaded,5,TestPoint,
U1,Converter_DCDC_TRACO_TEC3-24xxUI_THT,1,TEC3-2411UI,
"U10, U5, U6, U9",SOIC-16W_7.5x10.3mm_P1.27mm,4,ISO7331C,
U11,Texas_PW0020A_TSSOP-20_4.4x6.5mm_P0.65mm,1,DAC81401PWR,
U12,STM32F411_Black_Pill,1,STM32F411 BlackPill,
"U13, U22, U4, U8",Converter_DCDC_TRACO_TBA1-xxxxE_Single_THT,4,TBA1-0511E,
"U14, U3",Converter_DCDC_TRACO_TBA1-xxxxE_Single_THT,2,TBA1-0513E,
U15,SOT-23-6,1,ADS1110,
"U16, U25",SOIC-8_3.9x4.9mm_P1.27mm,2,ISO1540,
"U17, U18, U2, U23, U24",SOT-223-3_TabPin2,5,AMS1117-3.3,
"U19, U21",VSSOP-8_3x3mm_P0.65mm,2,LM7705,
U20,SOT-23-5,1,LM8261,
U26,SOIC-8_3.9x4.9mm_P1.27mm,1,TSV911IDT,
U27,SOIC-8_3.9x4.9mm_P1.27mm,1,MCP3426Axx-xSN,
U7,Texas_RHA_VQFN-40-1EP_6x6mm_P0.5mm_EP4.6x4.6mm_ThermalVias,1,DAC8750xRHA,
X1,"PhoenixContact_GMSTBA_2,5_3-G-7,62_1x03_P7.62mm_Horizontal",1,Conn_01x03_Pin,
"X2, X3, X4, X5","PhoenixContact_GMSTBA_2,5_2-G-7,62_1x02_P7.62mm_Horizontal",4,Conn_01x02_Pin,
